orgId,templateId,taskId,order,currentTitle,newTitle
"FErQ4pkcrCovJ7T6L13M","RBP1QGIxzdpjiv75OSkU","000-task-1","0","Task 1",""
"FErQ4pkcrCovJ7T6L13M","RBP1QGIxzdpjiv75OSkU","001-task-2","1","Task 2",""
"FErQ4pkcrCovJ7T6L13M","RBP1QGIxzdpjiv75OSkU","002-task-3","2","Task 3",""
"FErQ4pkcrCovJ7T6L13M","RBP1QGIxzdpjiv75OSkU","003-task-4","3","Task 4",""
"FErQ4pkcrCovJ7T6L13M","RBP1QGIxzdpjiv75OSkU","004-task-5","4","Task 5",""
"FErQ4pkcrCovJ7T6L13M","RBP1QGIxzdpjiv75OSkU","005-task-6","5","Task 6",""
"FErQ4pkcrCovJ7T6L13M","RBP1QGIxzdpjiv75OSkU","006-task-7","6","Task 7",""
"FErQ4pkcrCovJ7T6L13M","RBP1QGIxzdpjiv75OSkU","007-task-8","7","Task 8",""
"FErQ4pkcrCovJ7T6L13M","RBP1QGIxzdpjiv75OSkU","008-task-9","8","Task 9",""
"FErQ4pkcrCovJ7T6L13M","RBP1QGIxzdpjiv75OSkU","009-task-10","9","Task 10",""
"FErQ4pkcrCovJ7T6L13M","RBP1QGIxzdpjiv75OSkU","010-task-11","10","Task 11",""
"FErQ4pkcrCovJ7T6L13M","RBP1QGIxzdpjiv75OSkU","011-task-12","11","Task 12",""
"FErQ4pkcrCovJ7T6L13M","RBP1QGIxzdpjiv75OSkU","012-task-13","12","Task 13",""
"FErQ4pkcrCovJ7T6L13M","RBP1QGIxzdpjiv75OSkU","013-task-14","13","Task 14",""
"FErQ4pkcrCovJ7T6L13M","RBP1QGIxzdpjiv75OSkU","014-task-15","14","Task 15",""
"FErQ4pkcrCovJ7T6L13M","RBP1QGIxzdpjiv75OSkU","015-task-16","15","Task 16",""
"FErQ4pkcrCovJ7T6L13M","RBP1QGIxzdpjiv75OSkU","016-task-17","16","Task 17",""
"FErQ4pkcrCovJ7T6L13M","RBP1QGIxzdpjiv75OSkU","017-task-18","17","Task 18",""
"FErQ4pkcrCovJ7T6L13M","RBP1QGIxzdpjiv75OSkU","018-task-19","18","Task 19",""
"FErQ4pkcrCovJ7T6L13M","RBP1QGIxzdpjiv75OSkU","019-task-20","19","Task 20",""
"FErQ4pkcrCovJ7T6L13M","RBP1QGIxzdpjiv75OSkU","020-task-21","20","Task 21",""
"FErQ4pkcrCovJ7T6L13M","RBP1QGIxzdpjiv75OSkU","021-task-22","21","Task 22",""
"FErQ4pkcrCovJ7T6L13M","RBP1QGIxzdpjiv75OSkU","022-task-23","22","Task 23",""
"FErQ4pkcrCovJ7T6L13M","RBP1QGIxzdpjiv75OSkU","023-task-24","23","Task 24",""
"FErQ4pkcrCovJ7T6L13M","RBP1QGIxzdpjiv75OSkU","024-task-25","24","Task 25",""
"FErQ4pkcrCovJ7T6L13M","RBP1QGIxzdpjiv75OSkU","025-task-26","25","Task 26",""
"FErQ4pkcrCovJ7T6L13M","RBP1QGIxzdpjiv75OSkU","026-task-27","26","Task 27",""
"FErQ4pkcrCovJ7T6L13M","RBP1QGIxzdpjiv75OSkU","027-task-28","27","Task 28",""
"FErQ4pkcrCovJ7T6L13M","RBP1QGIxzdpjiv75OSkU","028-task-29","28","Task 29",""
"FErQ4pkcrCovJ7T6L13M","RBP1QGIxzdpjiv75OSkU","029-task-30","29","Task 30",""
"FErQ4pkcrCovJ7T6L13M","RBP1QGIxzdpjiv75OSkU","030-task-31","30","Task 31",""
"FErQ4pkcrCovJ7T6L13M","RBP1QGIxzdpjiv75OSkU","031-task-32","31","Task 32",""
"FErQ4pkcrCovJ7T6L13M","RBP1QGIxzdpjiv75OSkU","032-task-33","32","Task 33",""
"FErQ4pkcrCovJ7T6L13M","RBP1QGIxzdpjiv75OSkU","033-task-34","33","Task 34",""
"FErQ4pkcrCovJ7T6L13M","RBP1QGIxzdpjiv75OSkU","034-task-35","34","Task 35",""
"FErQ4pkcrCovJ7T6L13M","RBP1QGIxzdpjiv75OSkU","035-task-36","35","Task 36",""
"FErQ4pkcrCovJ7T6L13M","RBP1QGIxzdpjiv75OSkU","036-task-37","36","Task 37",""
"FErQ4pkcrCovJ7T6L13M","RBP1QGIxzdpjiv75OSkU","037-task-38","37","Task 38",""
"FErQ4pkcrCovJ7T6L13M","RBP1QGIxzdpjiv75OSkU","038-task-39","38","Task 39",""
"FErQ4pkcrCovJ7T6L13M","RBP1QGIxzdpjiv75OSkU","039-task-40","39","Task 40",""
"FErQ4pkcrCovJ7T6L13M","RBP1QGIxzdpjiv75OSkU","040-task-41","40","Task 41",""
"FErQ4pkcrCovJ7T6L13M","RBP1QGIxzdpjiv75OSkU","041-task-42","41","Task 42",""
"FErQ4pkcrCovJ7T6L13M","RBP1QGIxzdpjiv75OSkU","042-task-43","42","Task 43",""
"FErQ4pkcrCovJ7T6L13M","RBP1QGIxzdpjiv75OSkU","043-task-44","43","Task 44",""
"FErQ4pkcrCovJ7T6L13M","RBP1QGIxzdpjiv75OSkU","044-task-45","44","Task 45",""
"FErQ4pkcrCovJ7T6L13M","RBP1QGIxzdpjiv75OSkU","045-task-46","45","Task 46",""
"FErQ4pkcrCovJ7T6L13M","RBP1QGIxzdpjiv75OSkU","046-task-47","46","Task 47",""
"FErQ4pkcrCovJ7T6L13M","RBP1QGIxzdpjiv75OSkU","047-task-48","47","Task 48",""
"FErQ4pkcrCovJ7T6L13M","RBP1QGIxzdpjiv75OSkU","048-task-49","48","Task 49",""
"FErQ4pkcrCovJ7T6L13M","RBP1QGIxzdpjiv75OSkU","049-task-50","49","Task 50",""
"FErQ4pkcrCovJ7T6L13M","RBP1QGIxzdpjiv75OSkU","050-task-51","50","Task 51",""
"FErQ4pkcrCovJ7T6L13M","RBP1QGIxzdpjiv75OSkU","051-task-52","51","Task 52",""
"FErQ4pkcrCovJ7T6L13M","RBP1QGIxzdpjiv75OSkU","052-task-53","52","Task 53",""
"FErQ4pkcrCovJ7T6L13M","RBP1QGIxzdpjiv75OSkU","053-task-54","53","Task 54",""
"FErQ4pkcrCovJ7T6L13M","RBP1QGIxzdpjiv75OSkU","054-task-55","54","Task 55",""
"FErQ4pkcrCovJ7T6L13M","RBP1QGIxzdpjiv75OSkU","055-task-56","55","Task 56",""
"FErQ4pkcrCovJ7T6L13M","RBP1QGIxzdpjiv75OSkU","056-task-57","56","Task 57",""
